profile,mode,target_qps,repeat,exit,client_qps,client_p99_ms,gc_pause_max_ms_measured,allocation_stall_count_measured,allocation_stall_count_entire_vm,allocation_stall_max_ms_entire_vm,process_cpu_mean_cores_measured,minor_faults_per_s_approx_measured,failure_classification
g1,BATCH,10000,1,1,9955.4,232.006,269.582,0,0,0,25.735984753691184,151720.71872227153,formal_slo_failure
g1,BATCH,10000,2,1,9989.0,64.958,72.468,0,0,0,18.832773445736237,9093.136711387071,formal_slo_failure
g1,BATCH,20000,1,1,19977.5,641.834,581.058,0,0,0,57.10192847938694,203577.73342204478,formal_slo_failure
g1,BATCH,40000,1,1,,,,,0,0,,,grpc_executor_rejection_during_warmup
g1,NON_BATCH,10000,1,0,9994.1,27.327,41.144,0,0,0,8.571831819240606,1685.0044365572317,
g1,NON_BATCH,20000,1,1,19975.9,695.348,290.002,0,0,0,25.181454134642646,153911.8234250222,formal_slo_failure
g1,NON_BATCH,40000,1,1,39110.8,869.836,145.49,0,0,0,27.724165227193872,458896.31773276115,formal_slo_failure
g1_pretouch,BATCH,10000,1,1,9502.6,523.503,583.794,0,0,0,24.321794323312325,188684.03193612775,formal_slo_failure
g1_pretouch,BATCH,10000,2,1,9988.9,152.501,115.38,0,0,0,20.314933958773114,4342.980705256154,formal_slo_failure
g1_pretouch,BATCH,20000,1,1,19977.8,185.875,168.287,0,0,0,39.270471453958265,172847.21144251025,formal_slo_failure
g1_pretouch,BATCH,40000,1,1,,,,,0,0,,,grpc_executor_rejection_during_warmup
g1_pretouch,NON_BATCH,10000,1,0,9991.7,2.19,0,0,0,0,6.651749534752028,1276.7609539656128,
g1_pretouch,NON_BATCH,20000,1,0,19970.2,38.38,43.774,0,0,0,16.33235944179204,1007.1000665631241,
g1_pretouch,NON_BATCH,40000,1,1,39034.3,308.086,41.385,0,0,0,68.93075097116375,21805.389221556885,formal_slo_failure
zgc,BATCH,10000,1,1,9988.7,121.416,0.301,0,0,0,25.792261921582178,458590.3948535936,formal_slo_failure
zgc,BATCH,10000,2,1,9977.0,119.054,0.318,0,0,0,20.56097898818605,530961.2231331709,formal_slo_failure
zgc,BATCH,20000,1,1,19931.8,53.641,0.711,0,44,392.453,27.772125748074394,71626.12263000333,formal_slo_failure
zgc,BATCH,40000,1,1,,,,,0,0,,,grpc_executor_rejection_during_warmup
zgc,NON_BATCH,10000,1,0,9980.0,1.135,0.248,0,0,0,7.8843812530659,196065.89018302827,
zgc,NON_BATCH,20000,1,0,19935.3,16.557,0.29,0,0,0,12.733519096137,63612.53466444814,
zgc,NON_BATCH,40000,1,1,38908.2,762.21,0.297,0,0,0,26.445673431475388,345057.70190675854,formal_slo_failure
zgc_pretouch,BATCH,10000,1,0,9976.2,12.254,0.301,0,0,0,13.547259358272429,33284.43113772455,
zgc_pretouch,BATCH,10000,2,0,9980.8,27.274,0.348,0,0,0,13.492217403288059,32194.857016182665,
zgc_pretouch,BATCH,20000,1,0,19902.1,23.884,0.325,0,0,0,28.29524006902888,46369.47123378782,
zgc_pretouch,BATCH,40000,1,1,,,,,0,0,,,grpc_executor_rejection_during_warmup
zgc_pretouch,NON_BATCH,10000,1,0,9981.4,0.632,0.259,0,0,0,6.595713726342448,14785.02495840266,
zgc_pretouch,NON_BATCH,20000,1,0,19935.9,18.503,0.314,0,0,0,12.88812336090083,12909.403415391438,
zgc_pretouch,NON_BATCH,40000,1,1,39700.1,117.796,0.312,0,0,0,21.99670196530758,30876.691062319802,formal_slo_failure
