experiment,profile,mode,target_qps,repeat,exit,client_qps,client_p99_ms,process_rss_max_gib_entire_vm,process_rss_max_gib_measured,heap_used_max_gib_observed_at_gc_entire_vm,allocation_stall_count_entire_vm,allocation_stall_max_ms_entire_vm,gc_pause_max_ms_measured,process_cpu_mean_cores_measured
flexlb-gc-factorial-20261009,g1,BATCH,10000,1,1,9955.4,232.006,28.768795013427734,28.766708374023438,22.9609375,0,0,269.582,25.735984753691184
flexlb-gc-factorial-20261009,g1,BATCH,10000,2,1,9989.0,64.958,34.56156921386719,34.56156921386719,25.6123046875,0,0,72.468,18.832773445736237
flexlb-gc-factorial-20261009,g1,BATCH,20000,1,1,19977.5,641.834,40.47280502319336,40.45522689819336,34.5888671875,0,0,581.058,57.10192847938694
flexlb-gc-factorial-20261009,g1,BATCH,40000,1,1,,,52.685386657714844,,47.6103515625,0,0,,
flexlb-gc-factorial-20261009,g1,NON_BATCH,10000,1,0,9994.1,27.327,10.310348510742188,10.310348510742188,7.8896484375,0,0,41.144,8.571831819240606
flexlb-gc-factorial-20261009,g1,NON_BATCH,20000,1,1,19975.9,695.348,40.88326644897461,40.88131332397461,32.2880859375,0,0,290.002,25.181454134642646
flexlb-gc-factorial-20261009,g1,NON_BATCH,40000,1,1,39110.8,869.836,60.75419998168945,60.75419998168945,59.158203125,0,0,145.49,27.724165227193872
flexlb-gc-factorial-20261009,g1_pretouch,BATCH,10000,1,1,9502.6,523.503,67.1444320678711,67.1444320678711,31.8427734375,0,0,583.794,24.321794323312325
flexlb-gc-factorial-20261009,g1_pretouch,BATCH,10000,2,1,9988.9,152.501,66.99966049194336,66.99575424194336,42.3916015625,0,0,115.38,20.314933958773114
flexlb-gc-factorial-20261009,g1_pretouch,BATCH,20000,1,1,19977.8,185.875,67.27685165405273,67.25413513183594,58.865234375,0,0,168.287,39.270471453958265
flexlb-gc-factorial-20261009,g1_pretouch,BATCH,40000,1,1,,,67.40606307983398,,57.0341796875,0,0,,
flexlb-gc-factorial-20261009,g1_pretouch,NON_BATCH,10000,1,0,9991.7,2.19,65.98962783813477,65.98767471313477,21.9091796875,0,0,0,6.651749534752028
flexlb-gc-factorial-20261009,g1_pretouch,NON_BATCH,20000,1,0,19970.2,38.38,65.97932052612305,65.97335815429688,16.4775390625,0,0,43.774,16.33235944179204
flexlb-gc-factorial-20261009,g1_pretouch,NON_BATCH,40000,1,1,39034.3,308.086,66.18485260009766,66.14381790161133,58.8203125,0,0,41.385,68.93075097116375
flexlb-gc-factorial-20261009,zgc,BATCH,10000,1,1,9988.7,121.416,39.99305725097656,39.96572494506836,36.939453125,0,0,0.301,25.792261921582178
flexlb-gc-factorial-20261009,zgc,BATCH,10000,2,1,9977.0,119.054,42.56055450439453,42.56055450439453,39.646484375,0,0,0.318,20.56097898818605
flexlb-gc-factorial-20261009,zgc,BATCH,20000,1,1,19931.8,53.641,67.8145637512207,67.56319808959961,64.0,44,392.453,0.711,27.772125748074394
flexlb-gc-factorial-20261009,zgc,BATCH,40000,1,1,,,69.4582748413086,,63.236328125,0,0,,
flexlb-gc-factorial-20261009,zgc,NON_BATCH,10000,1,0,9980.0,1.135,20.589481353759766,20.556278228759766,19.732421875,0,0,0.248,7.8843812530659
flexlb-gc-factorial-20261009,zgc,NON_BATCH,20000,1,0,19935.3,16.557,23.333248138427734,23.309810638427734,21.662109375,0,0,0.29,12.733519096137
flexlb-gc-factorial-20261009,zgc,NON_BATCH,40000,1,1,38908.2,762.21,52.467994689941406,52.400970458984375,49.0546875,0,0,0.297,26.445673431475388
flexlb-gc-factorial-20261009,zgc_pretouch,BATCH,10000,1,0,9976.2,12.254,67.12191009521484,67.11019134521484,33.3828125,0,0,0.301,13.547259358272429
flexlb-gc-factorial-20261009,zgc_pretouch,BATCH,10000,2,0,9980.8,27.274,67.8880500793457,67.8880500793457,36.177734375,0,0,0.348,13.492217403288059
flexlb-gc-factorial-20261009,zgc_pretouch,BATCH,20000,1,0,19902.1,23.884,69.28546905517578,69.20558166503906,42.5,0,0,0.325,28.29524006902888
flexlb-gc-factorial-20261009,zgc_pretouch,BATCH,40000,1,1,,,70.32807540893555,,51.80859375,0,0,,
flexlb-gc-factorial-20261009,zgc_pretouch,NON_BATCH,10000,1,0,9981.4,0.632,65.58584976196289,65.58194351196289,19.705078125,0,0,0.259,6.595713726342448
flexlb-gc-factorial-20261009,zgc_pretouch,NON_BATCH,20000,1,0,19935.9,18.503,65.8162841796875,65.8045654296875,20.53515625,0,0,0.314,12.88812336090083
flexlb-gc-factorial-20261009,zgc_pretouch,NON_BATCH,40000,1,1,39700.1,117.796,67.57637023925781,67.53644943237305,39.876953125,0,0,0.312,21.99670196530758
flexlb-gc-tuning-20261009,g1,BATCH,3000,1,1,2996.8,78.067,9.479568481445312,9.461990356445312,6.05078125,0,0,108.816,9.019315206670488
flexlb-gc-tuning-20261009,g1,NON_BATCH,3000,1,0,2999.7,1.473,6.413726806640625,6.413726806640625,3.9931640625,0,0,71.479,4.007056220506096
flexlb-gc-tuning-20261009,g1_pretouch,BATCH,3000,1,0,2996.8,35.331,66.90114212036133,66.8890380859375,5.83203125,0,0,36.736,6.16206378503655
flexlb-gc-tuning-20261009,g1_pretouch,NON_BATCH,3000,1,0,2999.7,1.284,65.83447265625,65.76725387573242,4.01171875,0,0,34.46,2.3522323782865766
flexlb-gc-tuning-20261009,zgc,BATCH,20000,1,0,19913.7,38.094,67.84795761108398,67.7811393737793,64.0,110,99.723,0.333,29.556042196058144
flexlb-gc-tuning-20261009,zgc,BATCH,3000,1,0,2996.7,12.274,16.30028533935547,15.761222839355469,12.94921875,0,0,0,5.018812745183323
flexlb-gc-tuning-20261009,zgc,NON_BATCH,3000,1,0,2999.1,1.097,7.222858428955078,7.041217803955078,6.515625,0,0,0,2.1184026024793012
flexlb-gc-tuning-20261009,zgc_pretouch,BATCH,20000,1,0,19924.8,27.638,68.7065315246582,68.57373046875,47.810546875,0,0,0.295,29.715649147517464
flexlb-gc-tuning-20261009,zgc_pretouch,BATCH,3000,1,0,2996.8,11.99,66.19660186767578,66.19464874267578,13.380859375,0,0,0.262,5.051012149942346
flexlb-gc-tuning-20261009,zgc_pretouch,NON_BATCH,3000,1,0,2999.2,0.929,64.76166915893555,64.74995040893555,6.5625,0,0,0,2.0081168617331473
flexlb-gc-tuning-20261009,zgc_pretouch_soft48,BATCH,20000,1,0,19925.4,22.658,68.7435417175293,68.6126823425293,39.017578125,0,0,0.316,27.898031434412694
flexlb-gc-tuning-20261009,zgc_pretouch_threads128,BATCH,20000,1,1,,,68.23577880859375,,35.580078125,0,0,,
flexlb-gc-tuning-20261009,zgc_soft48,BATCH,20000,1,1,,,34.12527847290039,,30.1953125,0,0,,
flexlb-gc-tuning-20261009,zgc_threads128,BATCH,20000,1,1,,,62.87752151489258,,59.423828125,0,0,,
