heap_gib,mode,target_qps,repeat,exit,client_qps,client_p99_ms,process_rss_max_gib_entire_vm,heap_used_max_gib_observed_at_gc_entire_vm,allocation_stall_count_measured,allocation_stall_count_entire_vm,allocation_stall_max_ms_entire_vm,gc_pause_max_ms_measured,process_cpu_mean_cores_measured,failure_classification
128,BATCH,20000,1,1,,,132.33608627319336,52.548828125,,0,0,,,grpc_executor_rejection_during_warmup
128,BATCH,20000,2,0,19922.7,39.774,133.03253173828125,61.58984375,0,0,0,0.352,27.667486217431517,
128,NON_BATCH,20000,1,0,19914.5,7.204,130.42077255249023,39.73828125,0,0,0,0.245,12.876785882352165,
128,NON_BATCH,40000,1,1,39763.1,91.582,131.5125389099121,46.244140625,0,0,0,0.266,24.23875064005017,slo_failure
16,BATCH,20000,1,1,19876.6,67.381,20.041095733642578,16.0,4,6503,49.57,0.312,33.18810821676023,slo_failure
16,NON_BATCH,20000,1,0,19913.3,19.329,17.97623062133789,12.255859375,0,0,0,0.311,12.76136303450518,
16,NON_BATCH,40000,1,1,,,18.53209686279297,16.0,,94,19.046,,,grpc_executor_rejection_during_warmup
24,BATCH,20000,1,0,19909.8,34.333,28.467239379882812,20.169921875,0,0,0,0.628,28.243733173977372,
24,BATCH,20000,2,0,19925.9,27.788,28.844379425048828,21.810546875,0,0,0,0.336,28.916363745698103,
32,BATCH,10000,1,0,9983.0,17.859,35.49773025512695,24.6640625,0,0,0,0.334,15.425342210985988,
32,BATCH,20000,1,0,19932.5,29.285,36.876277923583984,25.08984375,0,0,0,0.388,29.071607414480976,
32,BATCH,20000,2,0,19959.2,24.806,36.62403869628906,31.775390625,0,0,0,0.11,29.377876805321126,
32,BATCH,3000,1,0,2996.8,11.808,34.27207946777344,15.810546875,0,0,0,0.742,4.275553036782833,
32,BATCH,40000,1,1,,,37.277626037597656,32.0,,2324,45.898,,,grpc_executor_rejection_during_warmup
32,NON_BATCH,20000,1,0,19927.6,29.706,34.31332015991211,24.857421875,0,0,0,0.34,11.906090508553282,
32,NON_BATCH,40000,1,1,,,35.43018341064453,23.650390625,,0,0,,,grpc_executor_rejection_during_warmup
4,NON_BATCH,20000,1,1,,,4.901130676269531,4.0,,9327,126.284,,,oom
64,BATCH,20000,1,0,19865.5,24.898,68.91305541992188,44.03515625,0,0,0,0.316,27.068360887827712,
64,NON_BATCH,20000,1,0,19956.2,18.483,66.17102813720703,30.39453125,0,0,0,0.301,12.699214924929208,
8,NON_BATCH,10000,1,0,9983.6,2.457,9.458946228027344,6.23046875,0,0,0,0.241,7.295599288686468,
8,NON_BATCH,20000,1,0,19924.1,13.407,10.012584686279297,7.44140625,0,0,0,0.28,13.388808073299984,
8,NON_BATCH,20000,2,0,19928.9,42.892,9.988582611083984,7.8203125,0,0,0,0.218,13.11072445709581,
8,NON_BATCH,3000,1,0,2999.1,0.658,8.86148452758789,5.849609375,0,0,0,0.097,2.0138236712819855,
8,NON_BATCH,40000,1,1,,,9.45281982421875,8.0,,3488,181.906,,,oom
