推演ID,条件/竞争,必须验证的结果,测试文件,测试方法,验证边界,执行结果
A1,注册新请求,保留唯一 Context/Future 身份,rtp_llm/flexlb/flexlb-sync/src/test/java/org/flexlb/balance/scheduler/RequestContextLifecycleTest.java,registrationCapturesCurrentIdentityAndKeepsItAfterFutureCompletion,真实请求协议；外部依赖由 fixture 控制,执行1；通过1；失败0
A2,停止/拒绝/异常/过期，36种入口配置,正确错误分类，入口和请求全部排空,rtp_llm/flexlb/flexlb-sync/src/test/java/org/flexlb/balance/scheduler/RequestSchedulerModeTest.java,entryFailureMatrixPreservesOwnershipAndDrainsEveryConfiguration,真实请求协议；外部依赖由 fixture 控制,执行36；通过36；失败0
A3,注册后冻结调度输入,重试不能读取变化后的输入,rtp_llm/flexlb/flexlb-sync/src/test/java/org/flexlb/balance/scheduler/RequestContextLifecycleTest.java,registrationFreezesRoutingInputsAcrossRouteAttempts,真实请求协议；外部依赖由 fixture 控制,执行2；通过2；失败0
A4,直接调度成功,Prefill/Decode持有至引擎终态,rtp_llm/flexlb/flexlb-sync/src/test/java/org/flexlb/balance/scheduler/DirectAdmissionContractTest.java,directRouteOwnsPrefillAndDecodeUntilEngineTerminalWithoutEnteringWaitingQueues,真实请求协议；外部依赖由 fixture 控制,执行1；通过1；失败0
A5,Decode临时不足,请求保持排队,rtp_llm/flexlb/flexlb-sync/src/test/java/org/flexlb/balance/scheduler/RequestSchedulerTest.java,fifoTemporaryDecodeMissRemainsQueued,真实请求协议；外部依赖由 fixture 控制,执行1；通过1；失败0
A6,永久拒绝,不取得Decode接收资格,rtp_llm/flexlb/flexlb-sync/src/test/java/org/flexlb/balance/scheduler/RequestSchedulerTest.java,terminalRouteRejectionDoesNotAcquireDecodeAcceptance,真实请求协议；外部依赖由 fixture 控制,执行1；通过1；失败0
A7,旧Endpoint冲突,重新选择，不设置固定重试次数,rtp_llm/flexlb/flexlb-sync/src/test/java/org/flexlb/balance/scheduler/RequestSchedulerTest.java,staleEndpointConflictReplansWithoutFixedRetryBudget,真实请求协议；外部依赖由 fixture 控制,执行1；通过1；失败0
A8,队列已可见，提交尚未完成,提交前不能发送,rtp_llm/flexlb/flexlb-sync/src/test/java/org/flexlb/balance/scheduler/RequestDeliveryLockContractTest.java,queueVisibleItemWaitsForRouteCommitBeforeDelivery,真实请求协议；外部依赖由 fixture 控制,执行1；通过1；失败0
A9,发布失败,先解绑再关闭Admission,rtp_llm/flexlb/flexlb-sync/src/test/java/org/flexlb/balance/scheduler/RequestContextLifecycleTest.java,failedPublicationUnbindsTheRouteBeforeAdmissionCloses,真实请求协议；外部依赖由 fixture 控制,执行2；通过2；失败0
A10,发布成功但通知失败,保留路由，不错误回滚,rtp_llm/flexlb/flexlb-sync/src/test/java/org/flexlb/balance/scheduler/RequestContextLifecycleTest.java,notificationFailureAfterPublicationKeepsTheExactRouteAndDoesNotRollback,真实请求协议；外部依赖由 fixture 控制,执行1；通过1；失败0
A11,三种发布结果×三种取消原因,同一请求最终结算，资源准确释放,rtp_llm/flexlb/flexlb-sync/src/test/java/org/flexlb/balance/scheduler/RequestAdmissionResourceLeakTest.java,cancellationAtEveryPublicationOutcomeSettlesTheOriginalRequest,真实请求协议；外部依赖由 fixture 控制,执行9；通过9；失败0
B1,容量在park前变化,立即重试，无丢失唤醒,rtp_llm/flexlb/flexlb-sync/src/test/java/org/flexlb/balance/scheduler/RequestSchedulerTest.java,capacityReleasedBeforeBlockedReturnRetriesActiveRequestWithoutLosingWakeup,真实请求协议；外部依赖由 fixture 控制,执行1；通过1；失败0
B2,无匹配容量事件,保持park，其他到达不能触发重试,rtp_llm/flexlb/flexlb-sync/src/test/java/org/flexlb/balance/scheduler/GlobalQueueProgressTest.java,arrivalsAndUnrelatedCapacityCannotRetryAParkedRequest,真实请求协议；外部依赖由 fixture 控制,执行2；通过2；失败0
B3,作用域/事件/park前后36组合,仅匹配事件唤醒，每机会一次,rtp_llm/flexlb/flexlb-sync/src/test/java/org/flexlb/balance/scheduler/PlacementWaitQueueTest.java,allCapacityScopesMatchBothBeforeAndAfterParking,真实请求协议；外部依赖由 fixture 控制,执行36；通过36；失败0
B4,同步/异步抢占成功,decision线程提交，操作配额只归还一次,rtp_llm/flexlb/flexlb-sync/src/test/java/org/flexlb/balance/scheduler/GlobalQueueProgressTest.java,preemptionCompletionCommitsOnDecisionThreadAndClosesExactlyOnce,真实请求协议；外部依赖由 fixture 控制,执行2；通过2；失败0
B5,无Endpoint可抢占,不能虚构抢占目标,rtp_llm/flexlb/flexlb-sync/src/test/java/org/flexlb/balance/scheduler/GlobalQueueProgressTest.java,selectorCapacityMissCannotStartPreemptionWithoutAnEndpoint,真实请求协议；外部依赖由 fixture 控制,执行1；通过1；失败0
B6,原请求抢占重试九种结果,准确消费原路由，保留身份,rtp_llm/flexlb/flexlb-sync/src/test/java/org/flexlb/balance/scheduler/RequestSchedulerTest.java,priorityRescueConsumesTheOriginalExactRoute,真实请求协议；外部依赖由 fixture 控制,执行9；通过9；失败0
B7,抢占空结果/未提交/异常,终止并归还配额,rtp_llm/flexlb/flexlb-sync/src/test/java/org/flexlb/balance/scheduler/GlobalQueueProgressTest.java,unsuccessfulPreemptionTerminatesAndReturnsItsOperationQuota,真实请求协议；外部依赖由 fixture 控制,执行3；通过3；失败0
B8,撤回身份或优先级不匹配六种,不得改变路由或账本,rtp_llm/flexlb/flexlb-sync/src/test/java/org/flexlb/balance/scheduler/QueuedDecodeWithdrawalTest.java,withdrawalEligibilityRejectsEveryForeignIdentityWithoutTouchingResources,真实请求协议；外部依赖由 fixture 控制,执行6；通过6；失败0
B9,撤回成功后重新排队,原请求存活，先转移容量再requeue,rtp_llm/flexlb/flexlb-sync/src/test/java/org/flexlb/balance/scheduler/QueuedDecodeWithdrawalTest.java,replacementKeepsRequestAliveAndTransfersCapacityBeforeRequeue,真实请求协议；外部依赖由 fixture 控制,执行1；通过1；失败0
B10,准备发送与撤回竞争,已获发送许可不能撤回,rtp_llm/flexlb/flexlb-sync/src/test/java/org/flexlb/balance/scheduler/QueuedDecodeWithdrawalTest.java,preparedPermitPreventsWithdrawalAndLeavesOriginalRouteUsable,真实请求协议；外部依赖由 fixture 控制,执行1；通过1；失败0
C1,批次窗口尚未到期,最老成员决定精确唤醒期限,rtp_llm/flexlb/flexlb-sync/src/test/java/org/flexlb/balance/planner/GroupingPolicyTest.java,fixedWindowUsesTheOldestSelectedMemberAndWakesAtItsExactDeadline,真实请求协议；外部依赖由 fixture 控制,执行1；通过1；失败0
C1-capacity,精确队首容量不足,等事件，不轮询,rtp_llm/flexlb/flexlb-sync/src/test/java/org/flexlb/balance/scheduler/WorkerBatcherSchedulingTest.java,blockedExactHeadWaitsForItsCapacityEventWithoutPolling,真实请求协议；外部依赖由 fixture 控制,执行1；通过1；失败0
C2,批次资源与claim提交,tryCommit返回时claim完整,rtp_llm/flexlb/flexlb-sync/src/test/java/org/flexlb/balance/scheduler/RequestDeliveryLockContractTest.java,batchClaimIsCompleteWhenTryCommitReturns,真实请求协议；外部依赖由 fixture 控制,执行1；通过1；失败0
C3,后缀资源不足,提交最大可行前缀并重新预测,rtp_llm/flexlb/flexlb-sync/src/test/java/org/flexlb/balance/scheduler/BatchDeliveryStrategyTest.java,unavailableSuffixSubmitsLargestAdmittedPrefixAndRepredictsIt,真实请求协议；外部依赖由 fixture 控制,执行1；通过1；失败0
C4,非batch交付,按顺序交付精确路由,rtp_llm/flexlb/flexlb-sync/src/test/java/org/flexlb/balance/scheduler/RouteDeliveryStrategyTest.java,commitsAndDeliversEveryExactRouteInOrder,真实请求协议；外部依赖由 fixture 控制,执行1；通过1；失败0
C5,三成员×八子集×四停止原因,payload仅含有效成员，真实账本最终归零,rtp_llm/flexlb/flexlb-sync/src/test/java/org/flexlb/balance/scheduler/QueuedBatchDeliveryTest.java,everyInvalidMemberSubsetPreservesPayloadAndRealResourceLedgers,真实请求协议；外部依赖由 fixture 控制,执行32；通过32；失败0
C5-send,发送边界八种成员子集,发送保留有效子集,rtp_llm/flexlb/flexlb-sync/src/test/java/org/flexlb/balance/scheduler/DefaultBatchDispatcherTest.java,sendBoundaryPreservesTheAcceptedSubsetAtEveryPosition,真实请求协议；外部依赖由 fixture 控制,执行8；通过8；失败0
C6,ACK/Prefill终态/Decode终态六种排列,ACK不提前释放，最终只结算一次,rtp_llm/flexlb/flexlb-sync/src/test/java/org/flexlb/balance/scheduler/DeliverySettlementTest.java,normalAckPrefillAndDecodePermutationsSettleRealLedgersExactlyOnce,真实请求协议；外部依赖由 fixture 控制,执行6；通过6；失败0
C7,明确拒绝,准确回收已转移容量,rtp_llm/flexlb/flexlb-sync/src/test/java/org/flexlb/balance/scheduler/RequestResourceAccountingTest.java,definiteDispatchRejectionReclaimsTransferredCapacity,真实请求协议；外部依赖由 fixture 控制,执行1；通过1；失败0
C8,发送结果不确定,不能仅因响应或传输异常释放,rtp_llm/flexlb/flexlb-sync/src/test/java/org/flexlb/balance/scheduler/RequestResourceAccountingTest.java,responseOrAmbiguousTransportRetainsResourcesUntilRemoteCleanup,真实请求协议；外部依赖由 fixture 控制,执行2；通过2；失败0
C9,Decode已运行后传输不确定,实际运行证据优先，终态回收两端,rtp_llm/flexlb/flexlb-sync/src/test/java/org/flexlb/balance/scheduler/RequestResourceAccountingTest.java,runningDecodeWinsAgainstUncertainTransportAndTerminalReclaimsBothEndpoints,真实请求协议；外部依赖由 fixture 控制,执行1；通过1；失败0
C10,三个发送结果×三类清理事件六排列,sender退出、Prefill证明、Decode证明缺一不可,rtp_llm/flexlb/flexlb-sync/src/test/java/org/flexlb/balance/scheduler/DeliveryClaimTest.java,everyCleanupEventPermutationRequiresAllProofAndReleasesOnce,真实请求协议；外部依赖由 fixture 控制,执行18；通过18；失败0
C10-identity,五种错误Decode证明,不能结算精确Delivery,rtp_llm/flexlb/flexlb-sync/src/test/java/org/flexlb/balance/scheduler/DeliveryClaimTest.java,foreignDecodeEvidenceCannotSettleTheExactDelivery,真实请求协议；外部依赖由 fixture 控制,执行5；通过5；失败0
C11,终态到来时响应尚未发布,各种完成类型均禁止过期响应覆盖,rtp_llm/flexlb/flexlb-sync/src/test/java/org/flexlb/balance/scheduler/RequestCompletionPublicationRaceTest.java,terminalSelectionInvalidatesAnUnpublishedAcknowledgementForEveryCompletionKind,真实请求协议；外部依赖由 fixture 控制,执行3；通过3；失败0
C12,清理超时但无证明,资源义务应保持未结算,rtp_llm/flexlb/flexlb-sync/src/test/java/org/flexlb/balance/scheduler/DeliveryClaimTest.java,cleanupTimeoutWithoutProofKeepsTheResourceObligationPending,真实请求协议；外部依赖由 fixture 控制,执行1；通过0；失败1
C12-late-cleaned,超时后原请求收到cleaned ACK,只归档原请求,rtp_llm/flexlb/flexlb-sync/src/test/java/org/flexlb/balance/scheduler/DeliveryClaimTest.java,lateCleanedAckAfterTimeoutArchivesOnlyTheOriginalRequest,真实请求协议；外部依赖由 fixture 控制,执行1；通过0；失败1
C12-retire,超时后Endpoint退役,完成原请求归档,rtp_llm/flexlb/flexlb-sync/src/test/java/org/flexlb/balance/scheduler/DeliveryClaimTest.java,endpointRetirementAfterCleanupTimeoutStillArchivesTheRequest,真实请求协议；外部依赖由 fixture 控制,执行1；通过0；失败1
C12-late-fence,超时后收到fence,仍等待精确Decode终态,rtp_llm/flexlb/flexlb-sync/src/test/java/org/flexlb/balance/scheduler/DeliveryClaimTest.java,lateFenceAfterTimeoutWaitsForTheExactDecodeTerminal,真实请求协议；外部依赖由 fixture 控制,执行1；通过0；失败1
C12-sender,超时后cleaned ACK但sender未退出,继续等待sender退出,rtp_llm/flexlb/flexlb-sync/src/test/java/org/flexlb/balance/scheduler/DeliveryClaimTest.java,lateCleanedAckAfterTimeoutStillWaitsForSenderExit,真实请求协议；外部依赖由 fixture 控制,执行1；通过0；失败1
CLEAN-retries,首次至第八次清理成功,有界退避，取消deadline，释放一次,rtp_llm/flexlb/flexlb-sync/src/test/java/org/flexlb/balance/scheduler/DeliveryClaimTest.java,cleanupCanSucceedAtEveryBoundedRetryAndCancelsItsDeadline,真实请求协议；外部依赖由 fixture 控制,执行8；通过8；失败0
CLEAN-exhausted,四种非清理ACK耗尽重试,不伪造资源释放，不产生第九次重试,rtp_llm/flexlb/flexlb-sync/src/test/java/org/flexlb/balance/scheduler/DeliveryClaimTest.java,retryExhaustionCannotInventResourceRelease,真实请求协议；外部依赖由 fixture 控制,执行4；通过4；失败0
CANCEL-ingress,注册与offer间取消,获得精确控制ticket,rtp_llm/flexlb/flexlb-sync/src/test/java/org/flexlb/balance/scheduler/RequestSchedulerTest.java,cancellationBetweenRegistrationAndOfferGetsAnExactControlTicket,真实请求协议；外部依赖由 fixture 控制,执行2；通过2；失败0
CANCEL-planning,取消在途规划,晚结果不得发布,rtp_llm/flexlb/flexlb-sync/src/test/java/org/flexlb/balance/scheduler/RequestSchedulerTest.java,controlTicketRemovesInFlightEntryBeforeLatePlanCanPublish,真实请求协议；外部依赖由 fixture 控制,执行2；通过2；失败0
CANCEL-waiting,全局等待时取消,等待decision拥有者ticket结算,rtp_llm/flexlb/flexlb-sync/src/test/java/org/flexlb/balance/scheduler/RequestContextLifecycleTest.java,globalWaitingCancellationWaitsForDecisionOwnerTicket,真实请求协议；外部依赖由 fixture 控制,执行1；通过1；失败0
CANCEL-ready,队列发布不可回退点后取消,精确移除一次,rtp_llm/flexlb/flexlb-sync/src/test/java/org/flexlb/balance/scheduler/RequestDeliveryLockContractTest.java,cancellationAfterQueuePointOfNoReturnRemovesTheExactItemOnce,真实请求协议；外部依赖由 fixture 控制,执行1；通过1；失败0
CANCEL-preparing,准备过程中取消,回收已取得dispatch许可,rtp_llm/flexlb/flexlb-sync/src/test/java/org/flexlb/balance/scheduler/RequestResourceAccountingTest.java,cancellationDuringPreparationAlsoReclaimsTheAcquiredDispatchPermit,真实请求协议；外部依赖由 fixture 控制,执行1；通过1；失败0
CANCEL-delivery,重复取消,保留首因，仅启动一次清理,rtp_llm/flexlb/flexlb-sync/src/test/java/org/flexlb/balance/scheduler/DeliveryClaimTest.java,repeatedCancellationPreservesFirstReasonAndStartsOneCleanup,真实请求协议；外部依赖由 fixture 控制,执行1；通过1；失败0
TIME-install,三种deadline×八种安装竞争,早触发/拒绝安装/取消均至多回调一次,rtp_llm/flexlb/flexlb-sync/src/test/java/org/flexlb/balance/scheduler/ExpirationTimerTest.java,deadlineRegistrationCoversFireInstallAndCancelRaces,真实请求协议；外部依赖由 fixture 控制,执行24；通过24；失败0
TIME-scheduling,发送不可回退点后调度deadline,不能取消已交付请求,rtp_llm/flexlb/flexlb-sync/src/test/java/org/flexlb/balance/scheduler/RequestDeliveryLockContractTest.java,schedulingDeadlineCannotCancelAfterBatchDeliveryPointOfNoReturn,真实请求协议；外部依赖由 fixture 控制,执行1；通过1；失败0
TIME-observation,ACK之后,保留decision观察deadline,rtp_llm/flexlb/flexlb-sync/src/test/java/org/flexlb/balance/scheduler/RequestDeliveryLockContractTest.java,acknowledgedDeliveryKeepsDecisionObservationDeadline,真实请求协议；外部依赖由 fixture 控制,执行1；通过1；失败0
TIME-inactivity,匹配状态更新持续到达,超原始deadline仍保持存活,rtp_llm/flexlb/flexlb-sync/src/test/java/org/flexlb/balance/scheduler/RequestInactivityTest.java,repeatedStatusKeepsDeliveredRequestAliveBeyondItsOriginalDeadline,真实请求协议；外部依赖由 fixture 控制,执行2；通过2；失败0
TIME-stale,旧Endpoint或请求generation状态,不能续期,rtp_llm/flexlb/flexlb-sync/src/test/java/org/flexlb/balance/scheduler/RequestInactivityTest.java,staleEndpointOrRequestGenerationCannotRenewInactivity,真实请求协议；外部依赖由 fixture 控制,执行5；通过5；失败0
RACE-slow-planner,第一个planner阻塞,健康请求独立推进,rtp_llm/flexlb/flexlb-sync/src/test/java/org/flexlb/balance/scheduler/RequestSchedulerTest.java,singleDecisionDoesNotSerializeTheGlobalPlanningFrontier,真实请求协议；外部依赖由 fixture 控制,执行1；通过1；失败0
RACE-stale-publication,发布得到过期blocker,立即重新选择,rtp_llm/flexlb/flexlb-sync/src/test/java/org/flexlb/balance/scheduler/GlobalQueueProgressTest.java,stalePublicationBlockerReplansImmediatelyWithFreshSelection,真实请求协议；外部依赖由 fixture 控制,执行2；通过2；失败0
RACE-late-preemption,取消/close后抢占才提交,回滚精确reservation,rtp_llm/flexlb/flexlb-sync/src/test/java/org/flexlb/balance/scheduler/GlobalQueueProgressTest.java,lateCommittedPreemptionAfterCancelOrCloseRollsBackExactReservation,真实请求协议；外部依赖由 fixture 控制,执行2；通过2；失败0
RACE-withdraw-cancel,撤回与取消/发送并发,禁止并发dispatch并结算取消,rtp_llm/flexlb/flexlb-sync/src/test/java/org/flexlb/balance/scheduler/QueuedDecodeWithdrawalTest.java,withdrawalBlocksConcurrentDispatchAndSettlesConcurrentCancellation,真实请求协议；外部依赖由 fixture 控制,执行1；通过1；失败0
RACE-old-capability,请求ID复用,旧Delivery/Preemption不能访问新请求,rtp_llm/flexlb/flexlb-sync/src/test/java/org/flexlb/balance/scheduler/RequestContextLifecycleTest.java,oldDeliveryAndPreemptionCapabilitiesCannotReachAReusedRequestId,真实请求协议；外部依赖由 fixture 控制,执行1；通过1；失败0
RACE-ack-cancel,结果已选但Future未发布,取消不能覆盖结果,rtp_llm/flexlb/flexlb-sync/src/test/java/org/flexlb/balance/scheduler/RequestCompletionPublicationRaceTest.java,futureCancelCannotReplaceSelectedUnpublishedDelivery,真实请求协议；外部依赖由 fixture 控制,执行1；通过1；失败0
THREAD-dispatch,同步回复/网络线程异步回复,RPC与完成回调分别在自己的池，回调不持Context锁,rtp_llm/flexlb/flexlb-sync/src/test/java/org/flexlb/balance/scheduler/DefaultBatchDispatcherTest.java,rpcCompletionUsesItsOwnPoolForImmediateAndNetworkReplies,真实请求协议；外部依赖由 fixture 控制,执行2；通过2；失败0
THREAD-continuation,常规/恢复通道嵌套事实,按队列顺序处理，不持Context锁,rtp_llm/flexlb/flexlb-sync/src/test/java/org/flexlb/balance/scheduler/RequestContinuationExecutorTest.java,nestedFactRunsAfterAlreadyQueuedFactsAndNeverUnderContextMonitor,真实请求协议；外部依赖由 fixture 控制,执行2；通过2；失败0
THREAD-worker,局部控制ticket,Worker线程处理，且不持队列锁,rtp_llm/flexlb/flexlb-sync/src/test/java/org/flexlb/balance/scheduler/WorkerBatcherQueueTest.java,controlTicketRunsOnWorkerOutsideQueueLock,真实请求协议；外部依赖由 fixture 控制,执行1；通过1；失败0
THREAD-timer-fallback,局部拥有者停止,切共享continuation，不能timer线程结算,rtp_llm/flexlb/flexlb-sync/src/test/java/org/flexlb/balance/scheduler/RequestContextLifecycleTest.java,stoppedLocalOwnerFallsBackToSharedContinuationInsteadOfTimerThread,真实请求协议；外部依赖由 fixture 控制,执行1；通过1；失败0
THREAD-publication,全局decision响应,发布不在decision调用线程,rtp_llm/flexlb/flexlb-sync/src/test/java/org/flexlb/balance/scheduler/RequestContextLifecycleTest.java,queueDecisionResponsePublishesOutsideTheDecisionCaller,真实请求协议；外部依赖由 fixture 控制,执行1；通过1；失败0
SHUTDOWN-order,应用关闭,先停止注册，再停止并排空生产者,rtp_llm/flexlb/flexlb-sync/src/test/java/org/flexlb/balance/scheduler/RequestOrchestratorsTest.java,shutdownClosesRegistrationBeforeStoppingAndDrainingProducers,真实请求协议；外部依赖由 fixture 控制,执行1；通过1；失败0
SHUTDOWN-accepted,两种模式stop,拒绝新请求，允许已接受请求完成,rtp_llm/flexlb/flexlb-sync/src/test/java/org/flexlb/balance/scheduler/RequestSchedulerContractTest.java,stopRejectsNewRequestsButLetsAcceptedPlacementFinish,真实请求协议；外部依赖由 fixture 控制,执行2；通过2；失败0
SHUTDOWN-publication,发布callback内stop,不死锁，publication排空才结束,rtp_llm/flexlb/flexlb-sync/src/test/java/org/flexlb/balance/scheduler/RequestSchedulerContractTest.java,stopFromPublicationCallbackDoesNotDeadlockOrFinishBeforePublicationDrains,真实请求协议；外部依赖由 fixture 控制,执行1；通过1；失败0
SHUTDOWN-generations,模式切换,旧新generation独立排空,rtp_llm/flexlb/flexlb-sync/src/test/java/org/flexlb/balance/scheduler/RequestSchedulerContractTest.java,modeSwitchPreservesOwnershipAndDrainsGenerationsIndependently,真实请求协议；外部依赖由 fixture 控制,执行1；通过1；失败0
SHUTDOWN-endpoint,发布尚在途,关闭等待发布，拒绝新发布,rtp_llm/flexlb/flexlb-sync/src/test/java/org/flexlb/balance/endpoint/EndpointRegistryCloseTest.java,closeWaitsForAcceptedPublicationAndRejectsNewPublications,真实请求协议；外部依赖由 fixture 控制,执行1；通过1；失败0
SHUTDOWN-publisher,callback嵌套发布,关闭等待callback publications排空,rtp_llm/flexlb/flexlb-sync/src/test/java/org/flexlb/balance/scheduler/RequestCompletionPublicationRaceTest.java,callbackPublicationsDrainBeforeReentrantPublisherClose,真实请求协议；外部依赖由 fixture 控制,执行1；通过1；失败0
SHUTDOWN-timer,inactivity handoff已开始,timer关闭等待handoff,rtp_llm/flexlb/flexlb-sync/src/test/java/org/flexlb/balance/scheduler/RequestLifetimeTest.java,timerCloseWaitsForAnAlreadyStartedInactivityHandoff,真实请求协议；外部依赖由 fixture 控制,执行1；通过1；失败0
SHUTDOWN-metrics,进入关闭过程,maintenance metrics不再执行,rtp_llm/flexlb/flexlb-sync/src/test/java/org/flexlb/balance/scheduler/RequestOrchestratorsTest.java,metricsDoNothingAfterLifecycleShutdownBegins,真实请求协议；外部依赖由 fixture 控制,执行1；通过1；失败0
RESOURCE-error,一处cleanup失败,继续释放其他资源，保留主异常,rtp_llm/flexlb/flexlb-sync/src/test/java/org/flexlb/balance/scheduler/RequestResourceAccountingTest.java,partialCleanupFailureStillAttemptsOtherResourcesAndPreservesDecodeSettlement,真实请求协议；外部依赖由 fixture 控制,执行1；通过1；失败0
ORDER-priority,相同/不同优先级,优先级降序，同级按实际offer FIFO,rtp_llm/flexlb/flexlb-sync/src/test/java/org/flexlb/balance/scheduler/WorkerBatcherQueueTest.java,priorityOrderIsPriorityDescendingThenActualOfferFifo,真实请求协议；外部依赖由 fixture 控制,执行1；通过1；失败0
ORDER-fifo,FIFO模式,忽略优先级和调用者timestamp,rtp_llm/flexlb/flexlb-sync/src/test/java/org/flexlb/balance/scheduler/WorkerBatcherQueueTest.java,fifoOrderIgnoresPriorityAndCallerTimestamp,真实请求协议；外部依赖由 fixture 控制,执行1；通过1；失败0
